,precip_type
2011-06-01,rain
2011-06-02,NA
2011-06-03,NA
2011-06-04,NA
2011-06-05,NA
2011-06-06,rain
2011-06-07,rain
2011-06-08,rain
2011-06-09,NA
2011-06-10,NA
2011-06-11,rain
2011-06-12,NA
2011-06-13,NA
2011-06-14,rain
2011-06-15,NA
2011-06-16,NA
2011-06-17,rain
2011-06-18,rain
2011-06-19,rain
2011-06-20,rain
2011-06-21,rain
2011-06-22,rain
2011-06-23,rain
2011-06-24,rain
2011-06-25,rain
2011-06-26,NA
2011-06-27,NA
2011-06-28,NA
2011-06-29,NA
2011-06-30,rain
2011-07-01,NA
2011-07-02,rain
2011-07-03,rain
2011-07-04,rain
2011-07-05,rain
2011-07-06,rain
2011-07-07,rain
2011-07-08,rain
2011-07-09,rain
2011-07-10,rain
2011-07-11,rain
2011-07-12,NA
2011-07-13,NA
2011-07-14,rain
2011-07-15,NA
2011-07-16,NA
2011-07-17,rain
2011-07-18,rain
2011-07-19,NA
2011-07-20,NA
2011-07-21,rain
2011-07-22,rain
2011-07-23,rain
2011-07-24,NA
2011-07-25,NA
2011-07-26,NA
2011-07-27,NA
2011-07-28,rain
2011-07-29,rain
2011-07-30,rain
2011-07-31,rain
2011-08-01,rain
2011-08-02,rain
2011-08-03,NA
2011-08-04,rain
2011-08-05,rain
2011-08-06,rain
2011-08-07,rain
2011-08-08,rain
2011-08-09,NA
2011-08-10,rain
2011-08-11,rain
2011-08-12,rain
2011-08-13,NA
2011-08-14,rain
2011-08-15,rain
2011-08-16,rain
2011-08-17,NA
2011-08-18,NA
2011-08-19,rain
2011-08-20,NA
2011-08-21,NA
2011-08-22,NA
2011-08-23,rain
2011-08-24,rain
2011-08-25,rain
2011-08-26,rain
2011-08-27,rain
2011-08-28,NA
2011-08-29,rain
2011-08-30,NA
2011-08-31,NA
2011-09-01,NA
2011-09-02,NA
2011-09-03,NA
2011-09-04,NA
2011-09-05,rain
2011-09-06,NA
2011-09-07,rain
2011-09-08,rain
2011-09-09,rain
2011-09-10,rain
2011-09-11,rain
2011-09-12,rain
2011-09-13,NA
2011-09-14,NA
2011-09-15,NA
2011-09-16,NA
2011-09-17,NA
2011-09-18,rain
2011-09-19,rain
2011-09-20,NA
2011-09-21,NA
2011-09-22,NA
2011-09-23,NA
2011-09-24,NA
2011-09-25,NA
2011-09-26,NA
2011-09-27,rain
2011-09-28,NA
2011-09-29,NA
2011-09-30,NA
2011-10-01,NA
2011-10-02,NA
2011-10-03,NA
2011-10-04,NA
2011-10-05,rain
2011-10-06,rain
2011-10-07,rain
2011-10-08,rain
2011-10-09,NA
2011-10-10,rain
2011-10-11,rain
2011-10-12,rain
2011-10-13,NA
2011-10-14,NA
2011-10-15,NA
2011-10-16,rain
2011-10-17,NA
2011-10-18,rain
2011-10-19,rain
2011-10-20,NA
2011-10-21,NA
2011-10-22,NA
2011-10-23,rain
2011-10-24,NA
2011-10-25,NA
2011-10-26,rain
2011-10-27,rain
2011-10-28,NA
2011-10-29,NA
2011-10-30,rain
2011-10-31,NA
2011-11-01,rain
2011-11-02,NA
2011-11-03,rain
2011-11-04,NA
2011-11-05,rain
2011-11-06,rain
2011-11-07,NA
2011-11-08,rain
2011-11-09,rain
2011-11-10,rain
2011-11-11,NA
2011-11-12,NA
2011-11-13,NA
2011-11-14,NA
2011-11-15,NA
2011-11-16,NA
2011-11-17,NA
2011-11-18,rain
2011-11-19,NA
2011-11-20,NA
2011-11-21,NA
2011-11-22,NA
2011-11-23,NA
2011-11-24,NA
2011-11-25,rain
2011-11-26,rain
2011-11-27,NA
2011-11-28,NA
2011-11-29,NA
2011-11-30,NA
2011-12-01,NA
2011-12-02,rain
2011-12-03,rain
2011-12-04,NA
2011-12-05,NA
2011-12-06,NA
2011-12-07,rain
2011-12-08,rain
2011-12-09,rain
2011-12-10,rain
2011-12-11,NA
2011-12-12,rain
2011-12-13,rain
2011-12-14,rain
2011-12-15,rain
2011-12-16,rain
2011-12-17,rain
2011-12-18,rain
2011-12-19,NA
2011-12-20,NA
2011-12-21,rain
2011-12-22,NA
2011-12-23,rain
2011-12-24,rain
2011-12-25,rain
2011-12-26,rain
2011-12-27,NA
2011-12-28,NA
2011-12-29,NA
2011-12-30,rain
2011-12-31,NA
2012-01-01,rain
2012-01-02,rain
2012-01-03,rain
2012-01-04,rain
2012-01-05,rain
2012-01-06,rain
2012-01-07,rain
2012-01-08,rain
2012-01-09,rain
2012-01-10,rain
2012-01-11,NA
2012-01-12,rain
2012-01-13,NA
2012-01-14,NA
2012-01-15,NA
2012-01-16,rain
2012-01-17,rain
2012-01-18,rain
2012-01-19,rain
2012-01-20,rain
2012-01-21,NA
2012-01-22,rain
2012-01-23,rain
2012-01-24,NA
2012-01-25,NA
2012-01-26,NA
2012-01-27,NA
2012-01-28,NA
2012-01-29,NA
2012-01-30,NA
2012-01-31,NA
2012-02-01,NA
2012-02-02,NA
2012-02-03,NA
2012-02-04,NA
2012-02-05,NA
2012-02-06,NA
2012-02-07,NA
2012-02-08,NA
2012-02-09,NA
2012-02-10,NA
2012-02-11,NA
2012-02-12,NA
2012-02-13,NA
2012-02-14,NA
2012-02-15,rain
2012-02-16,rain
2012-02-17,rain
2012-02-18,NA
2012-02-19,rain
2012-02-20,NA
2012-02-21,rain
2012-02-22,NA
2012-02-23,rain
2012-02-24,rain
2012-02-25,NA
2012-02-26,NA
2012-02-27,rain
2012-02-28,rain
2012-02-29,rain
2012-03-01,NA
2012-03-02,NA
2012-03-03,NA
2012-03-04,NA
2012-03-05,NA
2012-03-06,NA
2012-03-07,NA
2012-03-08,rain
2012-03-09,NA
2012-03-10,NA
2012-03-11,NA
2012-03-12,rain
2012-03-13,NA
2012-03-14,NA
2012-03-15,NA
2012-03-16,NA
2012-03-17,NA
2012-03-18,NA
2012-03-19,NA
2012-03-20,NA
2012-03-21,NA
2012-03-22,NA
2012-03-23,NA
2012-03-24,NA
2012-03-25,NA
2012-03-26,NA
2012-03-27,NA
2012-03-28,NA
2012-03-29,NA
2012-03-30,NA
2012-03-31,rain
2012-04-01,NA
2012-04-02,rain
2012-04-03,NA
2012-04-04,rain
2012-04-05,NA
2012-04-06,NA
2012-04-07,NA
2012-04-08,NA
2012-04-09,NA
2012-04-10,NA
2012-04-11,NA
2012-04-12,NA
2012-04-13,NA
2012-04-14,NA
2012-04-15,NA
2012-04-16,NA
2012-04-17,NA
2012-04-18,NA
2012-04-19,NA
2012-04-20,NA
2012-04-21,NA
2012-04-22,NA
2012-04-23,NA
2012-04-24,rain
2012-04-25,rain
2012-04-26,NA
2012-04-27,NA
2012-04-28,NA
2012-04-29,NA
2012-04-30,NA
2012-05-01,NA
2012-05-02,NA
2012-05-03,rain
2012-05-04,NA
2012-05-05,rain
2012-05-06,rain
2012-05-07,NA
2012-05-08,NA
2012-05-09,NA
2012-05-10,NA
2012-05-11,rain
2012-05-12,rain
2012-05-13,NA
2012-05-14,NA
2012-05-15,rain
2012-05-16,NA
2012-05-17,NA
2012-05-18,NA
2012-05-19,NA
2012-05-20,NA
2012-05-21,NA
2012-05-22,NA
2012-05-23,NA
2012-05-24,NA
2012-05-25,NA
2012-05-26,NA
2012-05-27,NA
2012-05-28,NA
2012-05-29,NA
2012-05-30,NA
